insert into GV
values('GV001','Nguyen Tuan Huy','tkgv123','123456',3),
('GV002','Nguyen Anh Tai','tkgv124','123457',3),
('GV003','Le Trong Tai','tkgv125','123458',3),
('GV004','Nguyen Quynh Chi','tkgv126','123459',3),
('GV005','Nguyen Dinh Dung','tkgv127','123410',3),
('GV006','Phung Huy Tuan','tkgv128','123411',3),
('GV007','Nguyen Anh Tu','tkgv129','123412',3),
('GV008','Nguyen Tuan Huy','tkgv130','123413',3),
('GV009','Nguyen Thi Lan','tkgv131','123414',3),
('GV010','Tran Thi Ngoc','tkgv132','123415',3),
('GV011','Nguyen Duy Manh','tkgv133','123416',3),
('GV012','Duong Ngoc Thai','tkgv134','123417',3),
('GV013','Tran Dinh Thanh','tkgv135','123418',2),
('GV014','Le Manh Dat','tkgv136','123419',2),
('GV015','Nguyen Thi Mi','tkgv137','123420',2)

insert into lop
values ('10a1','10A1',15,'GV001'),
('10a2','10A2',15,'GV002'),
('10a3','10A3',15,'GV003'),
('11a1','11A1',15,'GV004'),
('11a2','11A2',15,'GV005'),
('11a3','11A3',15,'GV006'),
('12a1','12A1',15,'GV007'),
('12a2','12A2',15,'GV008'),
('12a3','12A3',15,'GV009')

create table hocsinh(
MaHS nvarchar(10) primary key,
Ten nvarchar(100),
GioiTinh int,
NgaySinh date,
QueQuan text,
SoCCCD nvarchar(12),
SDT nvarchar(10),
Email nvarchar(100),
TenPH nvarchar(100),
SDTPH nvarchar(10),
Malop nvarchar(10) foreign key references lop(Malop),
MaGV nvarchar(10) foreign key references GV(MaGV)
)
insert into hocsinh
values ('HS001','Tran Ngoc Tuan',1,'7-17-2007','Hoa Binh','100000000001','091754633','HS001@gmail.com','Le Thi Anh ','0912345676','10a1','GV001'),
('HS002','Nguyen Quang Sang',0,'2-2-2007','Vinh Phuc','100000000002','091754633','HS002@gmail.com','Le The Thi ','0912345677','10a1','GV001'),
('HS003','Nguyen Thi Quang',1,'3-10-2007','Thai Nguyen','100000000003','091754633','HS003@gmail.com','Duong Anh Thi ','0912345678','10a1','GV001'),
('HS004','Tran The Anh',0,'2-8-2007','Thai Nguyen','100000000004','091754633','HS004@gmail.com','Le Quang Chi ','0912345679','10a1','GV001'),
('HS005','Duong Quang Anh',1,'7-6-2007','Vinh Phuc','100000000005','091754633','HS005@gmail.com','Nguyen Anh Hai','0912345680','10a1','GV001'),
('HS006','Duong Anh Quang',1,'5-16-2007','Thai Nguyen','100000000006','091754633','HS006@gmail.com','Nguyen Chi Anh ','0912345681','10a1','GV001'),
('HS007','Tran The Quang',0,'4-15-2007','Bac Giang','100000000007','091754633','HS007@gmail.com','Le Quang Thi ','0912345682','10a1','GV001'),
('HS008','Tran Quang The',0,'10-6-2007','Vinh Phuc','100000000008','091754633','HS008@gmail.com','Le The Quang ','0912345683','10a1','GV001'),
('HS009','Nguyen Sinh Quang',0,'9-7-2007','Vinh Phuc','100000000009','091754633','HS009@gmail.com','Duong The Thi ','0912345684','10a1','GV001'),
('HS010','Duong Ngoc Le',0,'5-10-2007','Vinh Phuc','100000000010','091754633','HS0010@gmail.com','Nguyen The Thi ','0912345676','10a1','GV001'),
('HS011','Le The Anh ',1,'2-17-2007','Bac Giang','100000000011','091754633','HS0011@gmail.com','Tran Quang Ngoc','0912345677','10a1','GV001'),
('HS012','Duong Quang The',1,'10-6-2007','Thai Nguyen','100000000012','091754633','HS0012@gmail.com','Nguyen Anh Quang ','0912345678','10a1','GV001'),
('HS013','Duong Ngoc Thai',0,'4-12-2007','Hoa Binh','100000000013','091754633','HS0013@gmail.com','Nguyen Ngoc Ha','0912345679','10a1','GV001'),
('HS014','Nguyen Quang The',1,'10-13-2007','Vinh Phuc','100000000014','091754633','HS0014@gmail.com','Duong Anh Quang ','0912345680','10a1','GV001'),
('HS015','Nguyen Dinh Trong',1,'5-19-2007','Vinh Phuc','100000000015','091754633','HS0015@gmail.com','Duong Ngoc Le','0912345681','10a1','GV001'),

('HS016','Duong The Quang',1,'7-19-2007','Hoa Binh','100000000016','091754633','HS0016@gmail.com','Nguyen Quang Thi ','0912345676','10a2','GV002'),
('HS017','Duong Ngoc Le',0,'8-9-2007','Hoa Binh','100000000017','091754633','HS0017@gmail.com','Duong Ngoc Le','0912345677','10a2','GV002'),
('HS018','Tran Quang The',1,'6-5-2007','Thai Nguyen','100000000018','091754633','HS0018@gmail.com','Le The Quang ','0912345678','10a2','GV002'),
('HS019','Le The Quang',1,'6-17-2007','Ha noi','100000000019','091754633','HS0019@gmail.com','Tran Quang Thi ','0912345679','10a2','GV002'),
('HS020','Nguyen Anh Quang',1,'5-5-2007','Hoa Binh','100000000020','091754633','HS0020@gmail.com','Duong Chi The ','0912345680','10a2','GV002'),
('HS021','Nguyen Thi Anh',0,'9-13-2007','Thai Nguyen','100000000021','091754633','HS0021@gmail.com','Duong Dung Chi ','0912345681','10a2','GV002'),
('HS022','Nguyen Quang The',0,'10-20-2007','Bac Giang','100000000022','091754633','HS0022@gmail.com','Duong Anh Quang ','0912345682','10a2','GV002'),
('HS023','Tran Quang Anh',0,'6-9-2007','Hoa Binh','100000000023','091754633','HS0023@gmail.com','Le Thi Chi ','0912345683','10a2','GV002'),
('HS024','Le The Quang',0,'3-11-2007','Hoa Binh','100000000024','091754633','HS0024@gmail.com','Tran Quang Thi ','0912345684','10a2','GV002'),
('HS025','Duong Anh Quang ',1,'5-14-2007','Thai Nguyen','100000000025','091754633','HS0025@gmail.com','Duong Anh Quang ','0912345685','10a2','GV002'),
('HS026','Duong Anh Quang ',1,'6-2-2007','Thai Nguyen','100000000026','091754633','HS0026@gmail.com','Nguyen ','0912345686','10a2','GV002'),
('HS027','Duong Anh Quang ',0,'8-10-2007','Hoa Binh','100000000027','091754633','HS0027@gmail.com','Duong ','0912345687','10a2','GV002'),
('HS028','Duong Quang Thi',1,'1-3-2007','Ha noi','100000000028','091754633','HS0028@gmail.com','Nguyen The Dung ','0912345688','10a2','GV002'),
('HS029','Duong Anh Quang',1,'1-7-2007','Vinh Phuc','100000000029','091754633','HS0029@gmail.com','Nguyen Chi The ','0912345689','10a2','GV002'),
('HS030','Tran Anh The',0,'3-11-2007','Vinh Phuc','100000000030','091754633','HS0030@gmail.com','Le Chi Quang ','0912345690','10a2','GV002'),

('HS031','Tran Thi Anh',0,'5-2-2007','Thai Nguyen','100000000031','091754633','HS0031@gmail.com','Le Dung Chi ','0912345676','10a3','GV003'),
('HS032','Tran Quang Anh',1,'7-14-2007','Hoa Binh','100000000032','091754633','HS0032@gmail.com','Le The Chi ','0912345677','10a3','GV003'),
('HS033','Tran The Thi',1,'4-11-2007','Thai Nguyen','100000000033','091754633','HS0033@gmail.com','Le Quang Dung ','0912345678','10a3','GV003'),
('HS034','Le Anh Quang',1,'8-17-2007','Bac Giang','100000000034','091754633','HS0034@gmail.com','Tran Chi Anh ','0912345679','10a3','GV003'),
('HS035','Nguyen Quang Quang',1,'4-13-2007','Ha noi','100000000035','091754633','HS0035@gmail.com','Duong Thi The ','0912345680','10a3','GV003'),
('HS036','Tran The Thi',0,'4-14-2007','Hoa Binh','100000000036','091754633','HS0036@gmail.com','Tran The Thi','0912345681','10a3','GV003'),
('HS037','Nguyen Quang Quang',0,'9-10-2007','Thai Nguyen','100000000037','091754633','HS0037@gmail.com','Duong Anh The ','0912345682','10a3','GV003'),
('HS038','Tran Quang Quang',0,'8-2-2007','Thai Nguyen','100000000038','091754633','HS0038@gmail.com','Le Thi Anh ','0912345683','10a3','GV003'),
('HS039','Le Quang Quang',1,'4-20-2007','Ha noi','100000000039','091754633','HS0039@gmail.com','Tran Anh Thi ','0912345684','10a3','GV003'),
('HS040','Le Quang Anh',0,'8-20-2007','Ha noi','100000000040','091754633','HS0040@gmail.com','Tran The Chi ','0912345685','10a3','GV003'),
('HS041','Duong Thi Quang',0,'5-3-2007','Hoa Binh','100000000041','091754633','HS0041@gmail.com','Nguyen Dung Thi ','0912345686','10a3','GV003'),
('HS042','Tran Dinh Thanh',0,'2-11-2007','Ha noi','100000000042','091754633','HS0042@gmail.com','Le Mi Le','0912345687','10a3','GV003'),
('HS043','Le Mi Le',0,'1-7-2007','Ha noi','100000000043','091754633','HS0043@gmail.com','Duong Thi Quang','0912345688','10a3','GV003'),
('HS044','Nguyen Anh Quang',0,'6-8-2007','Bac Giang','100000000044','091754633','HS0044@gmail.com','Duong Chi Anh ','0912345689','10a3','GV003'),
('HS045','Tran Anh Quang',0,'1-18-2007','Ha noi','100000000045','091754633','HS0045@gmail.com','Le Chi Anh ','0912345690','10a3','GV003'),

('HS046','Duong Ngoc Hoang',0,'2-11-2007','Ha noi','100000000046','091754633','HS0046@gmail.com','Tran Thi The','0912345676','11a1','GV004'),
('HS047','Nguyen Anh Quang',0,'6-18-2007','Vinh Phuc','100000000047','091754633','HS0047@gmail.com','Duong Chi Thi ','0912345677','11a1','GV004'),
('HS048','Tran Thi The',1,'4-15-2007','Vinh Phuc','100000000048','091754633','HS0048@gmail.com','Le Dung Quang ','0912345678','11a1','GV004'),
('HS049','Nguyen Quang The',1,'10-7-2007','Bac Giang','100000000049','091754633','HS0049@gmail.com','Duong Thi Quang ','0912345679','11a1','GV004'),
('HS050','Tran Thi Quang',0,'9-2-2007','Thai Nguyen','100000000050','091754633','HS0050@gmail.com','Le Dung The ','0912345680','11a1','GV004'),
('HS051','Duong The Thi',0,'2-16-2007','Thai Nguyen','100000000051','091754633','HS0051@gmail.com','Nguyen Quang Dung ','0912345681','11a1','GV004'),
('HS052','Duong ',1,'4-12-2007','Ha noi','100000000052','091754633','HS0052@gmail.com','Nguyen ','0912345682','11a1','GV004'),
('HS053','Le Anh Quang',0,'7-10-2007','Ha noi','100000000053','091754633','HS0053@gmail.com','Tran Chi The ','0912345683','11a1','GV004'),
('HS054','Tran Quang Quang',0,'6-12-2007','Bac Giang','100000000054','091754633','HS0054@gmail.com','Le The Thi ','0912345684','11a1','GV004'),
('HS055','Duong Quang The',0,'8-12-2007','Ha noi','100000000055','091754633','HS0055@gmail.com','Nguyen The Quang ','0912345685','11a1','GV004'),
('HS056','Tran Thi The',1,'7-3-2007','Vinh Phuc','100000000056','091754633','HS0056@gmail.com','Tran ','0912345686','11a1','GV004'),
('HS057','Nguyen Thi Quang',0,'2-8-2007','Thai Nguyen','100000000057','091754633','HS0057@gmail.com','Duong Dung Thi ','0912345687','11a1','GV004'),
('HS058','Le Quang Quang',0,'9-11-2007','Vinh Phuc','100000000058','091754633','HS0058@gmail.com','Tran Anh The ','0912345688','11a1','GV004'),
('HS059','Tran Thi The',0,'7-2-2007','Hoa Binh','100000000059','091754633','HS0059@gmail.com','Nguyen Thi Quang','0912345689','11a1','GV004'),
('HS060','Duong Quang Sang',1,'9-6-2007','Bac Giang','100000000060','091754633','HS0060@gmail.com','Nguyen The Thi ','0912345676','11a1','GV004'),

('HS061','Le Quang Quang',0,'5-8-2007','Hoa Binh','100000000061','091754633','HS0061@gmail.com','Tran The Thi ','0912345676','11a2','GV005'),
('HS062','Le The Quang',0,'3-16-2007','Hoa Binh','100000000062','091754633','HS0062@gmail.com','Tran Quang The ','0912345677','11a2','GV005'),
('HS063','Duong Thi The',1,'1-17-2007','Thai Nguyen','100000000063','091754633','HS0063@gmail.com','Nguyen Dung Quang ','0912345678','11a2','GV005'),
('HS064','Le Quang Thi',0,'5-16-2007','Thai Nguyen','100000000064','091754633','HS0064@gmail.com','Tran The Dung ','0912345679','11a2','GV005'),
('HS065','Tran Quang Anh',0,'6-20-2007','Thai Nguyen','100000000065','091754633','HS0065@gmail.com','Le Anh Chi ','0912345680','11a2','GV005'),
('HS066','Tran Thi Anh',1,'8-5-2007','Hoa Binh','100000000066','091754633','HS0066@gmail.com','Le Dung Chi ','0912345681','11a2','GV005'),
('HS067','Tran Thi Anh',0,'9-6-2007','Ha noi','100000000067','091754633','HS0067@gmail.com','Tran Thi Anh','0912345682','11a2','GV005'),
('HS068','Duong ',0,'7-2-2007','Hoa Binh','100000000068','091754633','HS0068@gmail.com','Nguyen ','0912345683','11a2','GV005'),
('HS069','Tran Anh Thi',1,'5-6-2007','Thai Nguyen','100000000069','091754633','HS0069@gmail.com','Le Chi Dung ','0912345684','11a2','GV005'),
('HS070','Tran Thi Anh',1,'7-9-2007','Thai Nguyen','100000000070','091754633','HS0070@gmail.com','Le The Thi','0912345685','11a2','GV005'),
('HS071','Le The Thi',1,'8-10-2007','Bac Giang','100000000071','091754633','HS0071@gmail.com','Tran Quang Dung ','0912345686','11a2','GV005'),
('HS072','Nguyen The Anh',0,'9-1-2007','Hoa Binh','100000000072','091754633','HS0072@gmail.com','Duong Quang Chi ','0912345687','11a2','GV005'),
('HS073','Le Quang Anh',0,'5-19-2007','Thai Nguyen','100000000073','091754633','HS0073@gmail.com','Tran Quang Dung','0912345688','11a2','GV005'),
('HS074','Le The Thi',0,'10-9-2007','Hoa Binh','100000000074','091754633','HS0074@gmail.com','Tran Thi Anh','0912345689','11a2','GV005'),
('HS075','Le Quang Anh',0,'3-5-2007','Ha noi','100000000075','091754633','HS0075@gmail.com','Tran Anh Chi ','0912345690','11a2','GV005'),

('HS076','Duong Quang Quang',0,'4-18-2007','Bac Giang','100000000076','091754633','HS0076@gmail.com','Nguyen Thi The ','0912345676','11a3','GV006'),
('HS077','Nguyen Dinh Dung',1,'8-12-2007','Bac Giang','100000000077','091754633','HS0077@gmail.com','Duong Thi Hoan','0912345677','11a3','GV006'),
('HS078','Tran The Quang',0,'8-17-2007','Ha noi','100000000078','091754633','HS0078@gmail.com','Le Quang Anh ','0912345678','11a3','GV006'),
('HS079','Duong Thi Lan',1,'5-8-2007','Thai Nguyen','100000000079','091754633','HS0079@gmail.com','Nguyen Thi Phuong','0912345679','11a3','GV006'),
('HS080','Tran The Quang',1,'7-17-2007','Bac Giang','100000000080','091754633','HS0080@gmail.com','Le Quang The ','0912345680','11a3','GV006'),
('HS081','Nguyen Anh Quang',1,'1-18-2007','Hoa Binh','100000000081','091754633','HS0081@gmail.com','Duong Chi Anh ','0912345681','11a3','GV006'),
('HS082','Tran The Quang',0,'1-14-2007','Thai Nguyen','100000000082','091754633','HS0082@gmail.com','Le Quang Thi ','0912345682','11a3','GV006'),
('HS083','Duong The Quang',0,'4-12-2007','Hoa Binh','100000000083','091754633','HS0083@gmail.com','Nguyen Quang Anh ','0912345683','11a3','GV006'),
('HS084','Le Phuong Anh',0,'7-12-2007','Hoa Binh','100000000084','091754633','HS0084@gmail.com','Tran Anh Tai','0912345684','11a3','GV006'),
('HS085','Duong The Anh',1,'6-18-2007','Vinh Phuc','100000000085','091754633','HS0085@gmail.com','Nguyen Quang Chi ','0912345685','11a3','GV006'),
('HS086','Nguyen Thi Quang',1,'4-10-2007','Vinh Phuc','100000000086','091754633','HS0086@gmail.com','Duong Dung Thi ','0912345686','11a3','GV006'),
('HS087','Le Thi Quang',0,'3-2-2007','Thai Nguyen','100000000087','091754633','HS0087@gmail.com','Tran Dung Anh ','0912345687','11a3','GV006'),
('HS088','Le Quang Anh',1,'8-8-2007','Thai Nguyen','100000000088','091754633','HS0088@gmail.com','Tran Thi Chi ','0912345688','11a3','GV006'),
('HS089','Nguyen Manh Ha',1,'6-7-2007','Ha noi','100000000089','091754633','HS0089@gmail.com','Duong Thi Anh','0912345689','11a3','GV006'),
('HS090','Nguyen Quang Quang',0,'10-20-2007','Bac Giang','100000000090','091754633','HS0090@gmail.com','Duong The Thi ','0912345676','11a3','GV006'),

('HS091','Duong The Quang',0,'1-6-2007','Thai Nguyen','100000000091','091754633','HS0091@gmail.com','Nguyen Quang Thi ','0912345676','12a1','GV007'),
('HS092','Nguyen Quang Quang',1,'6-19-2007','Ha noi','100000000092','091754633','HS0092@gmail.com','Duong Anh Thi ','0912345677','12a1','GV007'),
('HS093','Nguyen The Thi',1,'9-17-2007','Ha noi','100000000093','091754633','HS0093@gmail.com','Duong Quang Dung ','0912345678','12a1','GV007'),
('HS094','Nguyen Quang The',1,'9-11-2007','Vinh Phuc','100000000094','091754633','HS0094@gmail.com','Duong The Quang ','0912345679','12a1','GV007'),
('HS095','Le Thi Quang',1,'10-20-2007','Bac Giang','100000000095','091754633','HS0095@gmail.com','Tran Dung Anh ','0912345680','12a1','GV007'),
('HS096','Tran Hoang Ha',0,'2-3-2007','Bac Giang','100000000096','091754633','HS0096@gmail.com','Le Trong Truong','0912345681','12a1','GV007'),
('HS097','Le Thi Quang',0,'6-11-2007','Thai Nguyen','100000000097','091754633','HS0097@gmail.com','Tran Dung The ','0912345682','12a1','GV007'),
('HS098','Tran ',0,'2-2-2007','Bac Giang','100000000098','091754633','HS0098@gmail.com','Le ','0912345683','12a1','GV007'),
('HS099','Le Minh Chien',1,'1-7-2007','Bac Giang','100000000099','091754633','HS0099@gmail.com','Tran Minh Truong','0912345684','12a1','GV007'),
('HS100','Nguyen Quang Quang',1,'4-2-2007','Vinh Phuc','100000000100','091754633','HS00100@gmail.com','Duong Anh The ','0912345676','12a1','GV007'),
('HS101','Duong ',0,'4-10-2007','Ha noi','100000000101','091754633','HS00101@gmail.com','Nguyen ','0912345677','12a1','GV007'),
('HS102','Duong Quang Thi',0,'1-5-2007','Vinh Phuc','100000000102','091754633','HS00102@gmail.com','Nguyen Anh Dung ','0912345678','12a1','GV007'),
('HS103','Nguyen The Quang',0,'9-10-2007','Bac Giang','100000000103','091754633','HS00103@gmail.com','Duong Quang Anh ','0912345679','12a1','GV007'),
('HS104','Nguyen Thi Luyen',0,'9-8-2007','Hoa Binh','100000000104','091754633','HS00104@gmail.com','Duong Minh Chi','0912345680','12a1','GV007'),
('HS105','Duong Anh Quang',1,'4-13-2007','Bac Giang','100000000105','091754633','HS00105@gmail.com','Nguyen Chi Thi ','0912345681','12a1','GV007'),

('HS106','Duong Thi Thoa',1,'6-3-2007','Bac Giang','100000000106','091754633','HS00106@gmail.com','Nguyen Tuan Tu','0912345676','12a2','GV008'),
('HS107','Tran The Thi',0,'6-1-2007','Thai Nguyen','100000000107','091754633','HS00107@gmail.com','Le Quang Dung ','0912345677','12a2','GV008'),
('HS108','Nguyen Anh Thi',1,'8-7-2007','Bac Giang','100000000108','091754633','HS00108@gmail.com','Duong Chi Dung ','0912345678','12a2','GV008'),
('HS109','Duong The Quang',0,'8-1-2007','Hoa Binh','100000000109','091754633','HS00109@gmail.com','Nguyen Quang Thi ','0912345679','12a2','GV008'),
('HS110','Tran Quang The',0,'10-13-2007','Thai Nguyen','100000000110','091754633','HS00110@gmail.com','Le Thi Quang ','0912345680','12a2','GV008'),
('HS111','Nguyen Quang Anh',0,'4-14-2007','Ha noi','100000000111','091754633','HS00111@gmail.com','Duong Anh Chi ','0912345681','12a2','GV008'),
('HS112','Tran The Quang',1,'4-14-2007','Bac Giang','100000000112','091754633','HS00112@gmail.com','Le Quang The ','0912345682','12a2','GV008'),
('HS113','Duong Quang Quang',1,'2-5-2007','Bac Giang','100000000113','091754633','HS00113@gmail.com','Nguyen Anh Thi ','0912345683','12a2','GV008'),
('HS114','Nguyen The Anh',1,'5-5-2007','Thai Nguyen','100000000114','091754633','HS00114@gmail.com','Duong Quang Chi ','0912345684','12a2','GV008'),
('HS115','Tran Quang Thi',0,'9-20-2007','Vinh Phuc','100000000115','091754633','HS00115@gmail.com','Le The Dung ','0912345685','12a2','GV008'),
('HS116','Duong Thi Hoan',0,'9-7-2007','Hoa Binh','100000000116','091754633','HS00116@gmail.com','Nguyen Thi Tuyet','0912345686','12a2','GV008'),
('HS117','Le Thi Anh',0,'1-5-2007','Ha noi','100000000117','091754633','HS00117@gmail.com','Tran Dung Chi ','0912345687','12a2','GV008'),
('HS118','Le The Quang',0,'4-2-2007','Thai Nguyen','100000000118','091754633','HS00118@gmail.com','Tran Quang Anh ','0912345688','12a2','GV008'),
('HS119','Tran Quang Quang',0,'3-18-2007','Bac Giang','100000000119','091754633','HS00119@gmail.com','Le The Thi ','0912345689','12a2','GV008'),
('HS120','Nguyen The Quang',0,'6-8-2007','Vinh Phuc','100000000120','091754633','HS00120@gmail.com','Duong Quang Anh ','0912345690','12a2','GV008'),

('HS121','Tran Thi Quang',1,'3-13-2007','Hoa Binh','100000000121','091754633','HS00121@gmail.com','Le Dung The ','0912345676','12a3','GV009'),
('HS122','Le Quang Thi',1,'3-2-2007','Vinh Phuc','100000000122','091754633','HS00122@gmail.com','Tran The Dung ','0912345677','12a3','GV009'),
('HS123','Nguyen The Quang',1,'4-4-2007','Vinh Phuc','100000000123','091754633','HS00123@gmail.com','Duong Quang The ','0912345678','12a3','GV009'),
('HS124','Le Quang Quang',0,'7-13-2007','Ha noi','100000000124','091754633','HS00124@gmail.com','Tran Thi The ','0912345679','12a3','GV009'),
('HS125','Le The Quang',1,'3-14-2007','Hoa Binh','100000000125','091754633','HS00125@gmail.com','Tran Quang Thi ','0912345680','12a3','GV009'),
('HS126','Nguyen Thi Quang',0,'7-6-2007','Ha noi','100000000126','091754633','HS00126@gmail.com','Duong Dung The ','0912345681','12a3','GV009'),
('HS127','Nguyen Dinh Toan',0,'6-14-2007','Vinh Phuc','100000000127','091754633','HS00127@gmail.com','Duong Ngoc Ngan','0912345682','12a3','GV009'),
('HS128','Nguyen Anh Quang',1,'1-3-2007','Bac Giang','100000000128','091754633','HS00128@gmail.com','Duong Chi Thi ','0912345683','12a3','GV009'),
('HS129','Tran Quang Quang',1,'10-6-2007','Hoa Binh','100000000129','091754633','HS00129@gmail.com','Le Thi Anh ','0912345684','12a3','GV009'),
('HS130','Tran Quang Quang',1,'9-16-2007','Ha noi','100000000130','091754633','HS00130@gmail.com','Le Thi The ','0912345685','12a3','GV009'),
('HS131','Le Anh Quang',0,'4-3-2007','Hoa Binh','100000000131','091754633','HS00131@gmail.com','Tran Chi Anh ','0912345686','12a3','GV009'),
('HS132','Le Anh Tai',1,'7-3-2007','Hoa Binh','100000000132','091754633','HS00132@gmail.com','Tran Thi Ngoc','0912345687','12a3','GV009'),
('HS133','Duong Quang The',1,'1-12-2007','Hoa Binh','100000000133','091754633','HS00133@gmail.com','Nguyen Anh Quang ','0912345688','12a3','GV009'),
('HS134','Tran Tuan Tu',0,'9-1-2007','Thai Nguyen','100000000134','091754633','HS00134@gmail.com','Le Minh Tu','0912345689','12a3','GV009'),
('HS135','Le The Quang',1,'4-1-2007','Ha noi','100000000135','091754633','HS00135@gmail.com','Tran Quang Anh ','0912345690','12a3','GV009')

insert into Mon
values ('T01','Toan 10','GV001'),
('L01','Ly 10','GV002'),
('H01','Hoa 10','GV003'),
('T02','Toan 11','GV004'),
('L02','Ly 11','GV005'),
('H02','Hoa 11','GV005'),
('T03','Toan 12','GV006'),
('L03','Ly 12','GV007'),
('H03','Hoa 12','GV008')


insert into Diem
values (9, 8, 7.8, 7.5, 8, 8.5,8.1,'Gioi','T01','HS001','GV001'),
(10,8,5,7,4,10,7.0,'Kha','T01','HS002','GV001'),
(5,6,6,4,9,10,7.0,'Kha','T01','HS003','GV001'),
(7,6,7,6,5,6,6.0,'Trung Binh','T01','HS004','GV001'),
(8,5,4,9,8,5,6.0,'Trung Binh','T01','HS005','GV001'),
(10,8,6,9,10,6,7.0,'Kha','T01','HS006','GV001'),
(10,7,10,5,5,10,7.0,'Kha','T01','HS007','GV001'),
(9,10,9,5,10,10,8.0,'Gioi','T01','HS008','GV001'),
(4,6,9,8,9,8,7.0,'Kha','T01','HS009','GV001'),
(10,9,10,9,8,6,8.0,'Gioi','T01','HS010','GV001'),
(10,9,9,6,7,9,8.0,'Gioi','T01','HS011','GV001'),
(4,9,10,8,4,6,6.0,'Trung Binh','T01','HS012','GV001'),
(7,8,8,10,5,10,8.0,'Gioi','T01','HS013','GV001'),
(8,10,4,7,4,8,6.0,'Trung Binh','T01','HS014','GV001'),
(9,6,7,10,6,4,6.0,'Trung Binh','T01','HS015','GV001'),
(5,4,4,6,6,5,5.0,'Trung Binh','T01','HS016','GV001'),
(4,7,10,7,8,8,7.0,'Kha','T01','HS017','GV001'),
(10,9,9,5,9,7,7.0,'Kha','T01','HS018','GV001'),
(9,8,5,9,7,9,7.0,'Kha','T01','HS019','GV001'),
(9,10,6,5,7,7,6.0,'Trung Binh','T01','HS020','GV001'),
(8,9,6,6,10,4,6.0,'Trung Binh','T01','HS021','GV001'),
(6,8,10,8,7,10,8.0,'Gioi','T01','HS022','GV001'),
(8,5,4,10,4,10,7.0,'Kha','T01','HS023','GV001'),
(5,6,9,6,9,6,7.0,'Kha','T01','HS024','GV001'),
(4,9,4,6,9,10,7.0,'Kha','T01','HS025','GV001'),
(10,7,8,10,6,5,7.0,'Kha','T01','HS026','GV001'),
(8,7,5,5,4,10,6.0,'Trung Binh','T01','HS027','GV001'),
(4,6,9,10,4,9,7.0,'Kha','T01','HS028','GV001'),
(6,4,6,5,6,9,6.0,'Trung Binh','T01','HS029','GV001'),
(10,10,4,5,7,7,6.0,'Trung Binh','T01','HS030','GV001'),
(10,6,6,4,5,7,6.0,'Trung Binh','T01','HS031','GV001'),
(6,10,9,5,10,4,6.0,'Trung Binh','T01','HS032','GV001'),
(6,4,10,6,7,6,6.0,'Trung Binh','T01','HS033','GV001'),
(7,7,6,6,6,10,7.0,'Kha','T01','HS034','GV001'),
(10,6,4,8,6,9,7.0,'Kha','T01','HS035','GV001'),
(8,9,7,5,4,7,6.0,'Trung Binh','T01','HS036','GV001'),
(7,8,10,6,6,6,7.0,'Kha','T01','HS037','GV001'),
(6,7,5,5,7,4,5.0,'Trung Binh','T01','HS038','GV001'),
(10,8,4,9,10,7,7.0,'Kha','T01','HS039','GV001'),
(9,5,5,9,4,10,7.0,'Kha','T01','HS040','GV001'),
(10,8,6,7,5,4,6.0,'Trung Binh','T01','HS041','GV001'),
(8,5,10,7,7,8,7.0,'Kha','T01','HS042','GV001'),
(8,8,6,7,6,10,7.0,'Kha','T01','HS043','GV001'),
(5,4,5,4,4,4,4.0,'Trung Binh','T01','HS044','GV001'),
(4,7,4,9,9,4,6.0,'Trung Binh','T01','HS045','GV001'),

(6,6,6,7,6,5,5.0,'Trung Binh','T01','HS046','GV001'),
(5,4,5,9,4,8,6.0,'Trung Binh','T01','HS047','GV001'),
(4,6,5,5,10,4,5.0,'Trung Binh','T01','HS048','GV001'),
(7,4,7,4,6,4,5.0,'Trung Binh','T01','HS049','GV001'),
(6,8,9,6,5,10,7.0,'Kha','T01','HS050','GV001'),
(9,5,8,7,7,10,8.0,'Gioi','T01','HS051','GV001'),
(6,10,5,9,7,7,7.0,'Kha','T01','HS052','GV001'),
(5,4,4,8,10,7,6.0,'Trung Binh','T01','HS053','GV001'),
(8,6,7,10,9,4,7.0,'Kha','T01','HS054','GV001'),
(8,7,7,7,9,5,6.0,'Trung Binh','T01','HS055','GV001'),
(7,4,4,10,9,9,7.0,'Kha','T01','HS056','GV001'),
(10,10,4,4,8,9,7.0,'Kha','T01','HS057','GV001'),
(7,4,7,6,4,9,6.0,'Trung Binh','T01','HS058','GV001'),
(9,9,6,5,8,6,6.0,'Trung Binh','T01','HS059','GV001'),
(4,7,10,7,8,9,8.0,'Gioi','T01','HS060','GV001'),
(10,9,5,4,8,5,6.0,'Trung Binh','T01','HS061','GV001'),
(4,9,9,10,10,9,8.0,'Gioi','T01','HS062','GV001'),
(5,9,4,9,9,8,7.0,'Kha','T01','HS063','GV001'),
(5,6,7,8,7,9,7.0,'Kha','T01','HS064','GV001'),
(10,4,4,10,6,6,6.0,'Trung Binh','T01','HS065','GV001'),
(7,9,8,7,7,9,7.0,'Kha','T01','HS066','GV001'),
(7,4,7,8,10,7,7.0,'Kha','T01','HS067','GV001'),
(6,5,4,10,8,8,7.0,'Kha','T01','HS068','GV001'),
(4,4,9,6,10,10,8.0,'Gioi','T01','HS069','GV001'),
(9,9,4,6,9,5,6.0,'Trung Binh','T01','HS070','GV001'),
(9,6,6,4,8,4,5.0,'Trung Binh','T01','HS071','GV001'),
(4,9,10,4,6,9,7.0,'Kha','T01','HS072','GV001'),
(9,10,5,4,7,10,7.0,'Kha','T01','HS073','GV001'),
(5,10,8,7,7,9,7.0,'Kha','T01','HS074','GV001'),
(6,10,7,6,8,5,6.0,'Trung Binh','T01','HS075','GV001'),
(7,9,6,5,7,9,7.0,'Kha','T01','HS076','GV001'),
(8,6,9,9,10,5,7.0,'Kha','T01','HS077','GV001'),
(8,5,6,7,5,10,7.0,'Kha','T01','HS078','GV001'),
(7,10,9,5,9,10,8.0,'Gioi','T01','HS079','GV001'),
(5,5,5,8,9,4,6.0,'Trung Binh','T01','HS080','GV001'),
(5,10,6,8,6,7,6.0,'Trung Binh','T01','HS081','GV001'),
(10,10,5,5,6,9,7.0,'Kha','T01','HS082','GV001'),
(6,7,10,6,7,8,7.0,'Kha','T01','HS083','GV001'),
(10,10,9,8,6,5,7.0,'Kha','T01','HS084','GV001'),
(10,9,8,5,5,8,7.0,'Kha','T01','HS085','GV001'),
(6,7,9,9,6,4,6.0,'Trung Binh','T01','HS086','GV001'),
(9,9,8,8,9,8,8.0,'Gioi','T01','HS087','GV001'),
(8,9,7,8,10,7,8.0,'Gioi','T01','HS088','GV001'),
(8,8,5,5,9,9,7.0,'Kha','T01','HS089','GV001'),
(8,8,5,5,9,9,7.0,'Kha','T01','HS090','GV001'),

(7,9,10,8,10,4,7.0,'Kha','T01','HS091','GV001'),
(5,5,6,5,10,8,6.0,'Trung Binh','T01','HS092','GV001'),
(8,7,10,4,10,5,7.0,'Kha','T01','HS093','GV001'),
(5,5,8,10,8,7,7.0,'Kha','T01','HS094','GV001'),
(8,8,4,9,4,8,6.0,'Trung Binh','T01','HS095','GV001'),
(6,8,7,8,4,7,6.0,'Trung Binh','T01','HS096','GV001'),
(10,9,4,6,8,4,6.0,'Trung Binh','T01','HS097','GV001'),
(7,9,7,9,7,9,8.0,'Gioi','T01','HS098','GV001'),
(7,7,4,5,6,7,5.0,'Trung Binh','T01','HS099','GV001'),
(8,7,4,5,10,9,7.0,'Kha','T01','HS100','GV001'),
(5,8,10,4,4,10,7.0,'Kha','T01','HS101','GV001'),
(5,7,5,8,6,10,7.0,'Kha','T01','HS102','GV001'),
(7,5,7,5,7,10,7.0,'Kha','T01','HS103','GV001'),
(7,8,7,6,6,6,6.0,'Trung Binh','T01','HS104','GV001'),
(4,6,6,8,9,4,6.0,'Trung Binh','T01','HS105','GV001'),
(5,9,4,5,10,4,5.0,'Trung Binh','T01','HS106','GV001'),
(10,6,8,4,10,6,7.0,'Kha','T01','HS107','GV001'),
(9,8,8,5,5,8,7.0,'Kha','T01','HS108','GV001'),
(5,8,7,9,5,9,7.0,'Kha','T01','HS109','GV001'),
(8,9,10,7,8,5,7.0,'Kha','T01','HS110','GV001'),
(10,7,7,6,8,6,7.0,'Kha','T01','HS111','GV001'),
(4,8,8,8,6,8,7.0,'Kha','T01','HS112','GV001'),
(4,6,4,10,7,10,7.0,'Kha','T01','HS113','GV001'),
(9,10,9,4,5,5,6.0,'Trung Binh','T01','HS114','GV001'),
(9,7,5,4,9,6,6.0,'Trung Binh','T01','HS115','GV001'),
(7,4,9,9,9,6,7.0,'Kha','T01','HS116','GV001'),
(5,4,10,9,10,10,8.0,'Gioi','T01','HS117','GV001'),
(9,8,4,7,4,10,7.0,'Kha','T01','HS118','GV001'),
(8,9,4,7,6,4,5.0,'Trung Binh','T01','HS119','GV001'),
(8,10,7,6,8,8,7.0,'Kha','T01','HS120','GV001'),
(7,4,9,4,7,6,6.0,'Trung Binh','T01','HS121','GV001'),
(10,9,10,10,7,10,9.0,'Gioi','T01','HS122','GV001'),
(9,10,8,8,9,5,7.0,'Kha','T01','HS123','GV001'),
(10,7,8,5,9,7,7.0,'Kha','T01','HS124','GV001'),
(5,6,10,5,9,6,7.0,'Kha','T01','HS125','GV001'),
(7,10,10,5,4,5,6.0,'Trung Binh','T01','HS126','GV001'),
(5,8,9,8,6,7,7.0,'Kha','T01','HS127','GV001'),
(4,9,4,9,4,4,5.0,'Trung Binh','T01','HS128','GV001'),
(7,10,9,4,6,5,6.0,'Trung Binh','T01','HS129','GV001'),
(7,8,7,9,4,10,7.0,'Kha','T01','HS130','GV001'),
(7,4,8,5,7,4,5.0,'Trung Binh','T01','HS131','GV001'),
(9,8,10,8,9,6,8.0,'Gioi','T01','HS132','GV001'),
(6,4,5,5,6,10,6.0,'Trung Binh','T01','HS133','GV001'),
(4,5,10,8,5,4,6.0,'Trung Binh','T01','HS134','GV001'),
(7,5,6,7,9,8,7.0,'Kha','T01','HS135','GV001'),

(9,10,7,10,5,5,7.0,'Kha','L01','HS001','GV002'),
(8,8,5,5,9,6,6.0,'Trung Binh','L01','HS002','GV002'),
(9,7,5,5,5,9,6.0,'Trung Binh','L01','HS003','GV002'),
(9,5,5,5,6,4,5.0,'Trung Binh','L01','HS004','GV002'),
(5,5,7,10,7,7,7.0,'Kha','L01','HS005','GV002'),
(8,8,9,5,8,10,8.0,'Gioi','L01','HS006','GV002'),
(7,4,7,8,10,6,7.0,'Kha','L01','HS007','GV002'),
(10,7,10,6,6,8,7.0,'Kha','L01','HS008','GV002'),
(6,5,6,4,5,6,5.0,'Trung Binh','L01','HS009','GV002'),
(8,6,9,5,5,7,6.0,'Trung Binh','L01','HS010','GV002'),
(8,4,5,4,9,10,7.0,'Kha','L01','HS011','GV002'),
(4,8,8,9,7,6,7.0,'Kha','L01','HS012','GV002'),
(8,5,9,4,9,6,6.0,'Trung Binh','L01','HS013','GV002'),
(10,5,7,8,8,9,8.0,'Gioi','L01','HS014','GV002'),
(6,8,9,10,5,7,7.0,'Kha','L01','HS015','GV002'),
(8,10,4,4,6,5,5.0,'Trung Binh','L01','HS016','GV002'),
(10,7,7,8,4,8,7.0,'Kha','L01','HS017','GV002'),
(9,5,8,10,6,6,7.0,'Kha','L01','HS018','GV002'),
(6,7,4,5,4,5,4.0,'Trung Binh','L01','HS019','GV002'),
(10,8,6,10,6,7,7.0,'Kha','L01','HS020','GV002'),
(5,8,10,6,5,6,6.0,'Trung Binh','L01','HS021','GV002'),
(6,9,6,8,9,8,7.0,'Kha','L01','HS022','GV002'),
(7,9,10,7,4,5,6.0,'Trung Binh','L01','HS023','GV002'),
(7,7,5,9,9,4,6.0,'Trung Binh','L01','HS024','GV002'),
(9,6,5,9,8,6,7.0,'Kha','L01','HS025','GV002'),
(6,6,4,5,6,10,6.0,'Trung Binh','L01','HS026','GV002'),
(4,4,7,10,5,5,6.0,'Trung Binh','L01','HS027','GV002'),
(10,6,4,6,10,4,6.0,'Trung Binh','L01','HS028','GV002'),
(5,6,8,5,6,9,6.0,'Trung Binh','L01','HS029','GV002'),
(5,10,10,6,5,5,6.0,'Trung Binh','L01','HS030','GV002'),
(8,10,10,10,10,6,8.0,'Gioi','L01','HS031','GV002'),
(8,6,7,9,7,8,7.0,'Kha','L01','HS032','GV002'),
(6,6,6,4,10,5,6.0,'Trung Binh','L01','HS033','GV002'),
(10,5,7,10,4,7,7.0,'Kha','L01','HS034','GV002'),
(9,8,4,5,5,8,6.0,'Trung Binh','L01','HS035','GV002'),
(4,4,6,5,9,9,6.0,'Trung Binh','L01','HS036','GV002'),
(9,9,4,9,8,9,7.0,'Kha','L01','HS037','GV002'),
(7,6,5,8,8,5,6.0,'Trung Binh','L01','HS038','GV002'),
(7,9,4,4,10,7,6.0,'Trung Binh','L01','HS039','GV002'),
(5,5,10,6,6,10,7.0,'Kha','L01','HS040','GV002'),
(8,9,8,4,10,4,6.0,'Trung Binh','L01','HS041','GV002'),
(5,8,7,7,5,8,6.0,'Trung Binh','L01','HS042','GV002'),
(4,10,4,7,8,10,7.0,'Kha','L01','HS043','GV002'),
(4,4,6,4,7,7,5.0,'Trung Binh','L01','HS044','GV002'),
(4,7,4,6,9,8,6.0,'Trung Binh','L01','HS045','GV002'),

(5,8,7,7,10,10,8.0,'Gioi','L01','HS046','GV002'),
(7,7,7,5,4,5,5.0,'Trung Binh','L01','HS047','GV002'),
(7,5,6,5,10,10,7.0,'Kha','L01','HS048','GV002'),
(10,7,9,6,5,5,6.0,'Trung Binh','L01','HS049','GV002'),
(10,7,7,8,10,8,8.0,'Gioi','L01','HS050','GV002'),
(7,8,7,5,10,8,7.0,'Kha','L01','HS051','GV002'),
(9,6,8,9,10,8,8.0,'Gioi','L01','HS052','GV002'),
(4,4,7,8,8,6,6.0,'Trung Binh','L01','HS053','GV002'),
(10,9,9,7,5,6,7.0,'Kha','L01','HS054','GV002'),
(4,8,9,5,4,10,7.0,'Kha','L01','HS055','GV002'),
(7,10,6,4,5,4,5.0,'Trung Binh','L01','HS056','GV002'),
(9,8,5,7,5,5,6.0,'Trung Binh','L01','HS057','GV002'),
(10,10,7,10,4,4,6.0,'Trung Binh','L01','HS058','GV002'),
(10,7,6,4,4,9,6.0,'Trung Binh','L01','HS059','GV002'),
(5,9,10,10,4,10,8.0,'Gioi','L01','HS060','GV002'),
(5,7,9,10,6,4,6.0,'Trung Binh','L01','HS061','GV002'),
(8,8,8,8,4,10,7.0,'Kha','L01','HS062','GV002'),
(4,10,9,10,4,5,6.0,'Trung Binh','L01','HS063','GV002'),
(6,5,5,4,9,4,5.0,'Trung Binh','L01','HS064','GV002'),
(4,8,4,10,6,10,7.0,'Kha','L01','HS065','GV002'),
(9,5,6,7,6,9,7.0,'Kha','L01','HS066','GV002'),
(7,10,9,6,8,7,7.0,'Kha','L01','HS067','GV002'),
(9,6,5,4,10,5,6.0,'Trung Binh','L01','HS068','GV002'),
(7,4,9,9,6,4,6.0,'Trung Binh','L01','HS069','GV002'),
(5,7,5,8,8,9,7.0,'Kha','L01','HS070','GV002'),
(5,4,6,7,4,9,6.0,'Trung Binh','L01','HS071','GV002'),
(7,9,9,9,9,5,7.0,'Kha','L01','HS072','GV002'),
(7,7,10,4,7,5,6.0,'Trung Binh','L01','HS073','GV002'),
(5,7,10,6,8,9,7.0,'Kha','L01','HS074','GV002'),
(10,9,5,10,6,6,7.0,'Kha','L01','HS075','GV002'),
(7,10,8,7,10,8,8.0,'Gioi','L01','HS076','GV002'),
(5,7,5,7,8,8,6.0,'Trung Binh','L01','HS077','GV002'),
(7,8,10,9,5,8,7.0,'Kha','L01','HS078','GV002'),
(5,5,10,5,9,10,8.0,'Gioi','L01','HS079','GV002'),
(4,9,5,6,7,4,5.0,'Trung Binh','L01','HS080','GV002'),
(7,8,5,10,7,10,8.0,'Gioi','L01','HS081','GV002'),
(8,6,5,10,7,9,7.0,'Kha','L01','HS082','GV002'),
(9,8,7,4,4,9,6.0,'Trung Binh','L01','HS083','GV002'),
(9,4,9,10,6,10,8.0,'Gioi','L01','HS084','GV002'),
(7,7,9,7,4,7,6.0,'Trung Binh','L01','HS085','GV002'),
(9,5,6,4,8,10,7.0,'Kha','L01','HS086','GV002'),
(7,6,10,8,9,9,8.0,'Gioi','L01','HS087','GV002'),
(7,9,8,6,8,8,7.0,'Kha','L01','HS088','GV002'),
(4,8,6,4,4,8,5.0,'Trung Binh','L01','HS089','GV002'),
(5,4,10,10,10,6,7.0,'Kha','L01','HS090','GV002'),

(9,10,5,10,10,8,8.0,'Gioi','L01','HS091','GV002'),
(8,4,7,6,4,8,6.0,'Trung Binh','L01','HS092','GV002'),
(7,4,5,4,9,7,6.0,'Trung Binh','L01','HS093','GV002'),
(6,9,7,4,5,7,6.0,'Trung Binh','L01','HS094','GV002'),
(5,8,9,4,6,7,6.0,'Trung Binh','L01','HS095','GV002'),
(10,9,9,10,5,5,7.0,'Kha','L01','HS096','GV002'),
(7,4,4,5,8,10,6.0,'Trung Binh','L01','HS097','GV002'),
(10,4,4,10,4,8,6.0,'Trung Binh','L01','HS098','GV002'),
(10,10,5,6,6,7,6.0,'Trung Binh','L01','HS099','GV002'),
(6,5,9,8,5,10,7.0,'Kha','L01','HS100','GV002'),
(7,9,10,7,7,5,7.0,'Kha','L01','HS101','GV002'),
(4,5,9,7,8,4,6.0,'Trung Binh','L01','HS102','GV002'),
(4,5,10,9,9,9,8.0,'Gioi','L01','HS103','GV002'),
(8,5,9,8,8,7,7.0,'Kha','L01','HS104','GV002'),
(7,4,6,6,9,4,5.0,'Trung Binh','L01','HS105','GV002'),
(10,4,10,7,4,8,7.0,'Kha','L01','HS106','GV002'),
(9,6,6,6,5,4,5.0,'Trung Binh','L01','HS107','GV002'),
(7,10,9,10,8,5,7.0,'Kha','L01','HS108','GV002'),
(6,7,5,5,10,6,6.0,'Trung Binh','L01','HS109','GV002'),
(9,10,4,8,7,8,7.0,'Kha','L01','HS110','GV002'),
(10,4,4,5,4,7,5.0,'Trung Binh','L01','HS111','GV002'),
(8,10,9,5,5,8,7.0,'Kha','L01','HS112','GV002'),
(4,6,8,9,7,7,7.0,'Kha','L01','HS113','GV002'),
(4,10,9,4,6,5,6.0,'Trung Binh','L01','HS114','GV002'),
(6,6,10,4,7,9,7.0,'Kha','L01','HS115','GV002'),
(6,4,6,9,8,5,6.0,'Trung Binh','L01','HS116','GV002'),
(8,7,8,9,9,5,7.0,'Kha','L01','HS117','GV002'),
(8,6,8,4,4,9,6.0,'Trung Binh','L01','HS118','GV002'),
(7,4,8,5,9,8,7.0,'Kha','L01','HS119','GV002'),
(4,8,5,10,9,8,7.0,'Kha','L01','HS120','GV002'),
(6,7,10,4,5,10,7.0,'Kha','L01','HS121','GV002'),
(8,10,4,10,6,4,6.0,'Trung Binh','L01','HS122','GV002'),
(5,6,8,6,10,10,8.0,'Gioi','L01','HS123','GV002'),
(7,4,6,6,7,4,5.0,'Trung Binh','L01','HS124','GV002'),
(10,9,10,8,6,7,8.0,'Gioi','L01','HS125','GV002'),
(9,4,7,8,7,7,7.0,'Kha','L01','HS126','GV002'),
(10,6,9,7,9,4,7.0,'Kha','L01','HS127','GV002'),
(9,8,4,6,4,9,6.0,'Trung Binh','L01','HS128','GV002'),
(4,10,9,5,5,7,6.0,'Trung Binh','L01','HS129','GV002'),
(10,5,6,8,9,6,7.0,'Kha','L01','HS130','GV002'),
(5,10,6,6,4,4,5.0,'Trung Binh','L01','HS131','GV002'),
(10,8,10,5,7,10,8.0,'Gioi','L01','HS132','GV002'),
(8,9,6,7,4,5,6.0,'Trung Binh','L01','HS133','GV002'),
(10,9,10,4,4,9,7.0,'Kha','L01','HS134','GV002'),
(6,10,4,10,10,6,7.0,'Kha','L01','HS135','GV002'),

(10,10,7,5,6,6,6.0,'Trung Binh','H01','HS001','GV003'),
(4,9,8,7,8,10,8.0,'Gioi','H01','HS002','GV003'),
(9,9,8,10,4,9,8.0,'Gioi','H01','HS003','GV003'),
(5,9,9,9,8,10,8.0,'Gioi','H01','HS004','GV003'),
(5,6,9,7,4,4,5.0,'Trung Binh','H01','HS005','GV003'),
(7,6,5,10,4,8,6.0,'Trung Binh','H01','HS006','GV003'),
(5,4,9,6,8,9,7.0,'Kha','H01','HS007','GV003'),
(7,9,5,10,10,4,7.0,'Kha','H01','HS008','GV003'),
(4,7,10,8,8,9,8.0,'Gioi','H01','HS009','GV003'),
(6,6,8,7,8,10,8.0,'Gioi','H01','HS010','GV003'),
(10,5,9,5,7,8,7.0,'Kha','H01','HS011','GV003'),
(9,6,8,6,7,9,7.0,'Kha','H01','HS012','GV003'),
(8,9,9,6,5,8,7.0,'Kha','H01','HS013','GV003'),
(10,10,5,6,6,5,6.0,'Trung Binh','H01','HS014','GV003'),
(5,5,5,7,6,6,5.0,'Trung Binh','H01','HS015','GV003'),
(7,9,9,6,10,10,8.0,'Gioi','H01','HS016','GV003'),
(6,6,7,9,8,4,6.0,'Trung Binh','H01','HS017','GV003'),
(6,8,7,8,8,6,7.0,'Kha','H01','HS018','GV003'),
(4,4,10,4,8,8,6.0,'Trung Binh','H01','HS019','GV003'),
(6,9,6,8,7,4,6.0,'Trung Binh','H01','HS020','GV003'),
(4,10,6,10,9,6,7.0,'Kha','H01','HS021','GV003'),
(5,6,7,7,7,7,6.0,'Trung Binh','H01','HS022','GV003'),
(8,4,9,7,7,10,8.0,'Gioi','H01','HS023','GV003'),
(9,7,8,6,7,6,6.0,'Trung Binh','H01','HS024','GV003'),
(7,10,4,7,8,6,6.0,'Trung Binh','H01','HS025','GV003'),
(7,4,6,4,4,5,4.0,'Trung Binh','H01','HS026','GV003'),
(9,8,7,6,4,7,6.0,'Trung Binh','H01','HS027','GV003'),
(10,9,4,7,7,8,7.0,'Kha','H01','HS028','GV003'),
(4,9,10,5,5,9,7.0,'Kha','H01','HS029','GV003'),
(10,10,6,7,4,4,6.0,'Trung Binh','H01','HS030','GV003'),
(7,9,8,7,8,8,7.0,'Kha','H01','HS031','GV003'),
(9,4,4,5,5,9,6.0,'Trung Binh','H01','HS032','GV003'),
(10,10,7,5,10,6,7.0,'Kha','H01','HS033','GV003'),
(5,5,8,7,10,7,7.0,'Kha','H01','HS034','GV003'),
(10,10,10,10,8,9,9.0,'Gioi','H01','HS035','GV003'),
(8,5,10,9,6,8,7.0,'Kha','H01','HS036','GV003'),
(10,10,4,6,6,8,6.0,'Trung Binh','H01','HS037','GV003'),
(10,6,7,5,10,10,8.0,'Gioi','H01','HS038','GV003'),
(5,6,7,7,10,6,7.0,'Kha','H01','HS039','GV003'),
(7,7,7,4,10,5,6.0,'Trung Binh','H01','HS040','GV003'),
(4,6,10,8,4,5,6.0,'Trung Binh','H01','HS041','GV003'),
(6,8,7,8,10,5,7.0,'Kha','H01','HS042','GV003'),
(8,5,6,9,8,4,6.0,'Trung Binh','H01','HS043','GV003'),
(5,10,7,5,4,7,6.0,'Trung Binh','H01','HS044','GV003'),
(6,8,5,10,8,9,7.0,'Kha','H01','HS045','GV003'),

(7,8,6,7,9,5,6.0,'Trung Binh','H01','HS046','GV003'),
(10,4,9,9,5,10,8.0,'Gioi','H01','HS047','GV003'),
(9,10,9,5,4,8,7.0,'Kha','H01','HS048','GV003'),
(8,5,7,6,6,4,5.0,'Trung Binh','H01','HS049','GV003'),
(8,9,7,9,10,5,7.0,'Kha','H01','HS050','GV003'),
(6,9,9,8,9,6,7.0,'Kha','H01','HS051','GV003'),
(8,8,5,5,10,10,7.0,'Kha','H01','HS052','GV003'),
(7,8,4,7,10,4,6.0,'Trung Binh','H01','HS053','GV003'),
(9,10,9,4,6,4,6.0,'Trung Binh','H01','HS054','GV003'),
(10,7,9,8,4,6,7.0,'Kha','H01','HS055','GV003'),
(6,10,7,8,4,10,7.0,'Kha','H01','HS056','GV003'),
(7,5,8,7,5,9,7.0,'Kha','H01','HS057','GV003'),
(5,9,10,9,6,6,7.0,'Kha','H01','HS058','GV003'),
(8,7,6,7,10,10,8.0,'Gioi','H01','HS059','GV003'),
(8,9,7,4,6,8,6.0,'Trung Binh','H01','HS060','GV003'),
(4,8,5,5,6,6,5.0,'Trung Binh','H01','HS061','GV003'),
(9,8,4,7,10,10,8.0,'Gioi','H01','HS062','GV003'),
(6,8,7,5,8,4,6.0,'Trung Binh','H01','HS063','GV003'),
(4,7,4,4,9,9,6.0,'Trung Binh','H01','HS064','GV003'),
(7,8,8,9,5,6,7.0,'Kha','H01','HS065','GV003'),
(8,7,10,8,10,6,8.0,'Gioi','H01','HS066','GV003'),
(5,8,4,10,8,8,7.0,'Kha','H01','HS067','GV003'),
(8,6,4,5,6,5,5.0,'Trung Binh','H01','HS068','GV003'),
(9,8,6,9,4,10,7.0,'Kha','H01','HS069','GV003'),
(7,10,6,10,9,6,7.0,'Kha','H01','HS070','GV003'),
(9,9,4,7,8,9,7.0,'Kha','H01','HS071','GV003'),
(10,8,10,10,4,9,8.0,'Gioi','H01','HS072','GV003'),
(5,10,9,9,7,7,7.0,'Kha','H01','HS073','GV003'),
(8,4,9,4,7,6,6.0,'Trung Binh','H01','HS074','GV003'),
(4,6,6,9,4,7,6.0,'Trung Binh','H01','HS075','GV003'),
(4,4,7,7,8,4,5.0,'Trung Binh','H01','HS076','GV003'),
(4,10,5,9,5,9,7.0,'Kha','H01','HS077','GV003'),
(8,7,7,9,9,4,7.0,'Kha','H01','HS078','GV003'),
(5,7,8,8,10,8,8.0,'Gioi','H01','HS079','GV003'),
(6,4,10,6,7,4,6.0,'Trung Binh','H01','HS080','GV003'),
(9,4,9,10,8,4,7.0,'Kha','H01','HS081','GV003'),
(8,5,6,7,7,4,5.0,'Trung Binh','H01','HS082','GV003'),
(4,4,10,5,5,6,6.0,'Trung Binh','H01','HS083','GV003'),
(10,8,5,9,7,6,7.0,'Kha','H01','HS084','GV003'),
(5,5,6,4,5,6,5.0,'Trung Binh','H01','HS085','GV003'),
(5,9,7,4,8,9,7.0,'Kha','H01','HS086','GV003'),
(8,8,5,5,5,6,5.0,'Trung Binh','H01','HS087','GV003'),
(4,5,8,8,6,5,6.0,'Trung Binh','H01','HS088','GV003'),
(7,6,9,9,10,5,7.0,'Kha','H01','HS089','GV003'),
(8,4,8,10,10,10,8.0,'Gioi','H01','HS090','GV003'),

(9,8,7,9,10,8,8.0,'Gioi','H01','HS091','GV003'),
(10,4,9,10,7,5,7.0,'Kha','H01','HS092','GV003'),
(10,5,9,4,7,7,6.0,'Trung Binh','H01','HS093','GV003'),
(10,6,7,7,4,6,6.0,'Trung Binh','H01','HS094','GV003'),
(6,8,4,7,4,8,6.0,'Trung Binh','H01','HS095','GV003'),
(5,9,9,7,7,10,8.0,'Gioi','H01','HS096','GV003'),
(6,5,8,6,6,9,7.0,'Kha','H01','HS097','GV003'),
(7,10,6,9,7,4,6.0,'Trung Binh','H01','HS098','GV003'),
(4,6,9,4,8,5,6.0,'Trung Binh','H01','HS099','GV003'),
(7,4,7,10,4,4,5.0,'Trung Binh','H01','HS100','GV003'),
(4,7,4,7,10,7,6.0,'Trung Binh','H01','HS101','GV003'),
(4,10,4,6,10,7,6.0,'Trung Binh','H01','HS102','GV003'),
(4,5,7,6,6,8,6.0,'Trung Binh','H01','HS103','GV003'),
(10,10,8,4,4,9,7.0,'Kha','H01','HS104','GV003'),
(9,4,7,6,8,4,6.0,'Trung Binh','H01','HS105','GV003'),
(5,8,8,10,10,5,7.0,'Kha','H01','HS106','GV003'),
(10,5,7,8,6,8,7.0,'Kha','H01','HS107','GV003'),
(9,10,10,6,9,10,9.0,'Gioi','H01','HS108','GV003'),
(9,9,6,5,4,7,6.0,'Trung Binh','H01','HS109','GV003'),
(6,9,9,10,4,10,8.0,'Gioi','H01','HS110','GV003'),
(4,4,4,5,5,9,5.0,'Trung Binh','H01','HS111','GV003'),
(4,5,7,10,9,5,6.0,'Trung Binh','H01','HS112','GV003'),
(4,4,9,10,9,6,7.0,'Kha','H01','HS113','GV003'),
(7,5,10,5,8,10,8.0,'Gioi','H01','HS114','GV003'),
(6,6,10,9,9,7,8.0,'Gioi','H01','HS115','GV003'),
(5,8,7,8,7,4,6.0,'Trung Binh','H01','HS116','GV003'),
(5,5,6,9,9,9,7.0,'Kha','H01','HS117','GV003'),
(10,10,5,6,6,8,7.0,'Kha','H01','HS118','GV003'),
(5,4,4,8,8,10,7.0,'Kha','H01','HS119','GV003'),
(5,4,9,6,9,4,6.0,'Trung Binh','H01','HS120','GV003'),
(7,7,5,4,4,8,5.0,'Trung Binh','H01','HS121','GV003'),
(9,6,6,8,8,6,7.0,'Kha','H01','HS122','GV003'),
(7,6,4,7,5,7,6.0,'Trung Binh','H01','HS123','GV003'),
(9,8,7,7,8,7,7.0,'Kha','H01','HS124','GV003'),
(8,10,8,7,8,9,8.0,'Gioi','H01','HS125','GV003'),
(5,6,10,10,7,6,7.0,'Kha','H01','HS126','GV003'),
(10,5,9,10,7,10,8.0,'Gioi','H01','HS127','GV003'),
(7,7,9,5,7,9,7.0,'Kha','H01','HS128','GV003'),
(6,10,8,5,7,7,7.0,'Kha','H01','HS129','GV003'),
(10,7,10,5,5,5,6.0,'Trung Binh','H01','HS130','GV003'),
(4,9,9,10,7,9,8.0,'Gioi','H01','HS131','GV003'),
(10,8,5,6,5,5,5.0,'Trung Binh','H01','HS132','GV003'),
(10,9,5,4,10,9,7.0,'Kha','H01','HS133','GV003'),
(6,10,5,10,7,6,7.0,'Kha','H01','HS134','GV003'),
(7,9,4,7,4,7,6.0,'Trung Binh','H01','HS135','GV003'),

(5,6,5,5,4,5,4.0,'Trung Binh','T02','HS046','GV004'),
(5,5,7,7,10,6,6.0,'Trung Binh','T02','HS047','GV004'),
(6,4,9,8,5,8,7.0,'Kha','T02','HS048','GV004'),
(4,6,9,8,9,7,7.0,'Kha','T02','HS049','GV004'),
(7,9,4,5,5,8,6.0,'Trung Binh','T02','HS050','GV004'),
(10,9,10,4,9,10,8.0,'Gioi','T02','HS051','GV004'),
(8,9,5,4,9,9,7.0,'Kha','T02','HS052','GV004'),
(4,5,4,8,10,9,7.0,'Kha','T02','HS053','GV004'),
(6,9,9,6,4,5,6.0,'Trung Binh','T02','HS054','GV004'),
(9,5,10,9,4,5,6.0,'Trung Binh','T02','HS055','GV004'),
(7,8,8,9,6,4,6.0,'Trung Binh','T02','HS056','GV004'),
(6,10,10,8,8,8,8.0,'Gioi','T02','HS057','GV004'),
(9,9,6,10,9,10,8.0,'Gioi','T02','HS058','GV004'),
(8,6,8,9,8,9,8.0,'Gioi','T02','HS059','GV004'),
(5,4,9,6,8,8,7.0,'Kha','T02','HS060','GV004'),
(6,5,6,9,9,7,7.0,'Kha','T02','HS061','GV004'),
(7,4,7,7,10,9,7.0,'Kha','T02','HS062','GV004'),
(5,8,7,9,7,8,7.0,'Kha','T02','HS063','GV004'),
(5,8,10,9,10,9,8.0,'Gioi','T02','HS064','GV004'),
(10,6,8,7,7,9,7.0,'Kha','T02','HS065','GV004'),
(8,4,9,9,9,5,7.0,'Kha','T02','HS066','GV004'),
(7,4,4,4,7,5,5.0,'Trung Binh','T02','HS067','GV004'),
(9,7,9,10,5,7,7.0,'Kha','T02','HS068','GV004'),
(5,5,8,5,7,5,5.0,'Trung Binh','T02','HS069','GV004'),
(8,9,6,10,10,9,8.0,'Gioi','T02','HS070','GV004'),
(8,8,10,7,6,10,8.0,'Gioi','T02','HS071','GV004'),
(4,6,8,4,10,4,6.0,'Trung Binh','T02','HS072','GV004'),
(9,8,8,5,6,10,7.0,'Kha','T02','HS073','GV004'),
(10,6,7,9,4,6,6.0,'Trung Binh','T02','HS074','GV004'),
(5,5,4,5,4,7,5.0,'Trung Binh','T02','HS075','GV004'),
(7,8,8,5,9,8,7.0,'Kha','T02','HS076','GV004'),
(5,6,8,8,6,6,6.0,'Trung Binh','T02','HS077','GV004'),
(4,5,6,4,9,6,5.0,'Trung Binh','T02','HS078','GV004'),
(10,6,7,8,9,9,8.0,'Gioi','T02','HS079','GV004'),
(8,10,5,9,9,5,7.0,'Kha','T02','HS080','GV004'),
(8,8,5,4,5,5,5.0,'Trung Binh','T02','HS081','GV004'),
(4,5,8,7,4,5,5.0,'Trung Binh','T02','HS082','GV004'),
(9,8,4,10,8,10,8.0,'Gioi','T02','HS083','GV004'),
(5,6,9,5,5,4,5.0,'Trung Binh','T02','HS084','GV004'),
(4,7,4,5,10,4,5.0,'Trung Binh','T02','HS085','GV004'),
(9,10,6,5,9,10,8.0,'Gioi','T02','HS086','GV004'),
(7,4,4,5,10,4,5.0,'Trung Binh','T02','HS087','GV004'),
(4,10,5,10,8,5,6.0,'Trung Binh','T02','HS088','GV004'),
(6,8,5,7,5,6,6.0,'Trung Binh','T02','HS089','GV004'),
(5,5,8,9,4,5,6.0,'Trung Binh','T02','HS090','GV004'),

(5,6,6,6,8,4,5.0,'Trung Binh','T02','HS091','GV004'),
(4,9,10,7,7,5,6.0,'Trung Binh','T02','HS092','GV004'),
(7,7,5,10,8,6,7.0,'Kha','T02','HS093','GV004'),
(9,8,7,8,6,10,8.0,'Gioi','T02','HS094','GV004'),
(8,5,7,4,10,5,6.0,'Trung Binh','T02','HS095','GV004'),
(9,6,5,6,8,10,7.0,'Kha','T02','HS096','GV004'),
(7,7,7,7,7,5,6.0,'Trung Binh','T02','HS097','GV004'),
(4,9,8,10,8,10,8.0,'Gioi','T02','HS098','GV004'),
(4,7,4,5,5,4,4.0,'Trung Binh','T02','HS099','GV004'),
(6,9,4,7,10,9,7.0,'Kha','T02','HS100','GV004'),
(4,4,7,4,5,8,5.0,'Trung Binh','T02','HS101','GV004'),
(7,9,9,8,5,6,7.0,'Kha','T02','HS102','GV004'),
(9,8,10,5,10,7,8.0,'Gioi','T02','HS103','GV004'),
(10,4,5,8,8,5,6.0,'Trung Binh','T02','HS104','GV004'),
(10,5,10,7,7,10,8.0,'Gioi','T02','HS105','GV004'),
(9,8,9,5,9,10,8.0,'Gioi','T02','HS106','GV004'),
(9,10,9,5,10,8,8.0,'Gioi','T02','HS107','GV004'),
(6,5,4,4,10,10,7.0,'Kha','T02','HS108','GV004'),
(6,5,8,5,4,7,6.0,'Trung Binh','T02','HS109','GV004'),
(9,4,8,8,5,6,6.0,'Trung Binh','T02','HS110','GV004'),
(4,4,9,10,7,6,7.0,'Kha','T02','HS111','GV004'),
(6,4,9,8,6,6,6.0,'Trung Binh','T02','HS112','GV004'),
(7,7,8,4,9,6,6.0,'Trung Binh','T02','HS113','GV004'),
(7,7,8,7,9,8,7.0,'Kha','T02','HS114','GV004'),
(9,6,6,4,9,4,5.0,'Trung Binh','T02','HS115','GV004'),
(5,4,8,9,8,9,7.0,'Kha','T02','HS116','GV004'),
(10,9,8,8,10,8,8.0,'Gioi','T02','HS117','GV004'),
(6,10,4,8,6,5,6.0,'Trung Binh','T02','HS118','GV004'),
(7,4,7,4,7,6,5.0,'Trung Binh','T02','HS119','GV004'),
(5,7,4,6,6,7,5.0,'Trung Binh','T02','HS120','GV004'),
(6,9,7,8,4,5,6.0,'Trung Binh','T02','HS121','GV004'),
(5,6,4,9,5,6,5.0,'Trung Binh','T02','HS122','GV004'),
(9,4,8,10,8,5,7.0,'Kha','T02','HS123','GV004'),
(9,8,10,4,5,8,7.0,'Kha','T02','HS124','GV004'),
(10,6,10,8,5,5,7.0,'Kha','T02','HS125','GV004'),
(8,4,7,7,5,10,7.0,'Kha','T02','HS126','GV004'),
(9,9,7,5,6,10,7.0,'Kha','T02','HS127','GV004'),
(9,5,5,8,8,7,7.0,'Kha','T02','HS128','GV004'),
(10,4,9,9,8,4,7.0,'Kha','T02','HS129','GV004'),
(8,7,9,6,10,4,7.0,'Kha','T02','HS130','GV004'),
(10,4,8,4,7,4,5.0,'Trung Binh','T02','HS131','GV004'),
(10,7,8,5,9,6,7.0,'Kha','T02','HS132','GV004'),
(10,9,10,4,9,8,8.0,'Gioi','T02','HS133','GV004'),
(10,4,7,4,6,7,6.0,'Trung Binh','T02','HS134','GV004'),
(7,7,10,4,6,6,6.0,'Trung Binh','T02','HS135','GV004'),


(9,5,7,10,10,5,7.0,'Kha','L02','HS046','GV005'),
(7,8,7,10,8,7,7.0,'Kha','L02','HS047','GV005'),
(9,7,6,9,5,5,6.0,'Trung Binh','L02','HS048','GV005'),
(8,5,8,10,5,5,6.0,'Trung Binh','L02','HS049','GV005'),
(4,10,4,7,5,4,5.0,'Trung Binh','L02','HS050','GV005'),
(7,4,9,6,6,10,7.0,'Kha','L02','HS051','GV005'),
(8,8,8,4,4,8,6.0,'Trung Binh','L02','HS052','GV005'),
(4,4,5,5,9,8,6.0,'Trung Binh','L02','HS053','GV005'),
(5,8,6,9,10,8,7.0,'Kha','L02','HS054','GV005'),
(5,4,7,5,9,7,6.0,'Trung Binh','L02','HS055','GV005'),
(9,4,4,5,8,5,5.0,'Trung Binh','L02','HS056','GV005'),
(4,4,10,5,6,10,7.0,'Kha','L02','HS057','GV005'),
(5,7,6,6,8,9,7.0,'Kha','L02','HS058','GV005'),
(9,5,4,7,8,6,6.0,'Trung Binh','L02','HS059','GV005'),
(10,4,8,5,5,10,7.0,'Kha','L02','HS060','GV005'),
(9,5,6,9,5,10,7.0,'Kha','L02','HS061','GV005'),
(8,8,7,7,10,7,7.0,'Kha','L02','HS062','GV005'),
(10,9,5,7,5,10,7.0,'Kha','L02','HS063','GV005'),
(6,6,6,6,10,4,6.0,'Trung Binh','L02','HS064','GV005'),
(10,9,6,5,9,5,6.0,'Trung Binh','L02','HS065','GV005'),
(5,6,5,4,4,9,5.0,'Trung Binh','L02','HS066','GV005'),
(4,10,5,6,6,4,5.0,'Trung Binh','L02','HS067','GV005'),
(10,5,8,4,10,4,6.0,'Trung Binh','L02','HS068','GV005'),
(9,6,5,9,10,7,7.0,'Kha','L02','HS069','GV005'),
(9,4,10,10,7,5,7.0,'Kha','L02','HS070','GV005'),
(4,9,4,7,8,10,7.0,'Kha','L02','HS071','GV005'),
(9,5,8,9,5,10,8.0,'Gioi','L02','HS072','GV005'),
(8,7,9,9,8,8,8.0,'Gioi','L02','HS073','GV005'),
(6,4,7,5,4,4,4.0,'Trung Binh','L02','HS074','GV005'),
(4,10,6,4,4,7,5.0,'Trung Binh','L02','HS075','GV005'),
(10,4,4,10,9,6,7.0,'Kha','L02','HS076','GV005'),
(6,6,8,6,5,9,7.0,'Kha','L02','HS077','GV005'),
(7,9,5,5,4,8,6.0,'Trung Binh','L02','HS078','GV005'),
(8,8,4,8,10,5,6.0,'Trung Binh','L02','HS079','GV005'),
(7,4,8,8,7,5,6.0,'Trung Binh','L02','HS080','GV005'),
(4,6,8,10,7,4,6.0,'Trung Binh','L02','HS081','GV005'),
(4,9,9,9,10,10,9.0,'Gioi','L02','HS082','GV005'),
(6,6,7,7,10,9,7.0,'Kha','L02','HS083','GV005'),
(9,4,10,6,10,4,7.0,'Kha','L02','HS084','GV005'),
(8,8,10,7,6,5,7.0,'Kha','L02','HS085','GV005'),
(10,10,4,6,4,5,5.0,'Trung Binh','L02','HS086','GV005'),
(8,9,7,5,10,5,6.0,'Trung Binh','L02','HS087','GV005'),
(4,6,7,6,5,10,6.0,'Trung Binh','L02','HS088','GV005'),
(4,5,6,6,6,7,6.0,'Trung Binh','L02','HS089','GV005'),
(10,6,6,4,5,5,5.0,'Trung Binh','L02','HS090','GV005'),

(6,4,4,7,10,7,6.0,'Trung Binh','L02','HS091','GV005'),
(5,4,6,10,7,4,6.0,'Trung Binh','L02','HS092','GV005'),
(10,9,7,7,8,10,8.0,'Gioi','L02','HS093','GV005'),
(7,8,5,8,7,4,6.0,'Trung Binh','L02','HS094','GV005'),
(4,10,4,7,8,7,6.0,'Trung Binh','L02','HS095','GV005'),
(6,6,6,5,5,10,6.0,'Trung Binh','L02','HS096','GV005'),
(8,7,9,10,9,4,7.0,'Kha','L02','HS097','GV005'),
(4,6,8,9,10,4,6.0,'Trung Binh','L02','HS098','GV005'),
(5,7,10,8,5,5,6.0,'Trung Binh','L02','HS099','GV005'),
(9,9,8,7,6,8,7.0,'Kha','L02','HS100','GV005'),
(9,10,5,4,6,6,6.0,'Trung Binh','L02','HS101','GV005'),
(10,7,10,6,10,8,8.0,'Gioi','L02','HS102','GV005'),
(7,9,7,6,5,10,7.0,'Kha','L02','HS103','GV005'),
(7,6,6,7,4,6,5.0,'Trung Binh','L02','HS104','GV005'),
(10,9,10,7,8,7,8.0,'Gioi','L02','HS105','GV005'),
(10,7,8,8,5,8,7.0,'Kha','L02','HS106','GV005'),
(7,7,8,4,5,7,6.0,'Trung Binh','L02','HS107','GV005'),
(5,7,10,7,5,10,7.0,'Kha','L02','HS108','GV005'),
(7,10,10,9,6,5,7.0,'Kha','L02','HS109','GV005'),
(9,4,9,10,8,6,7.0,'Kha','L02','HS110','GV005'),
(6,5,5,7,6,8,6.0,'Trung Binh','L02','HS111','GV005'),
(6,7,6,6,9,6,6.0,'Trung Binh','L02','HS112','GV005'),
(8,7,8,5,9,6,7.0,'Kha','L02','HS113','GV005'),
(6,4,6,4,9,8,6.0,'Trung Binh','L02','HS114','GV005'),
(5,7,10,10,6,6,7.0,'Kha','L02','HS115','GV005'),
(4,5,10,8,9,8,7.0,'Kha','L02','HS116','GV005'),
(6,10,5,10,5,5,6.0,'Trung Binh','L02','HS117','GV005'),
(5,5,8,5,6,5,5.0,'Trung Binh','L02','HS118','GV005'),
(4,7,8,9,10,9,8.0,'Gioi','L02','HS119','GV005'),
(5,9,10,7,8,5,7.0,'Kha','L02','HS120','GV005'),
(4,9,10,9,10,6,8.0,'Gioi','L02','HS121','GV005'),
(4,6,9,7,5,5,6.0,'Trung Binh','L02','HS122','GV005'),
(5,9,9,6,6,4,6.0,'Trung Binh','L02','HS123','GV005'),
(5,8,5,6,5,6,5.0,'Trung Binh','L02','HS124','GV005'),
(5,8,4,8,9,9,7.0,'Kha','L02','HS125','GV005'),
(7,10,9,8,8,4,7.0,'Kha','L02','HS126','GV005'),
(7,10,5,5,6,6,6.0,'Trung Binh','L02','HS127','GV005'),
(9,10,6,7,9,9,8.0,'Gioi','L02','HS128','GV005'),
(7,7,7,8,10,9,8.0,'Gioi','L02','HS129','GV005'),
(8,9,8,7,8,5,7.0,'Kha','L02','HS130','GV005'),
(5,9,4,5,4,5,5.0,'Trung Binh','L02','HS131','GV005'),
(6,4,10,9,10,10,8.0,'Gioi','L02','HS132','GV005'),
(10,6,4,5,6,6,5.0,'Trung Binh','L02','HS133','GV005'),
(4,5,5,6,4,10,6.0,'Trung Binh','L02','HS134','GV005'),
(6,7,9,10,9,5,7.0,'Kha','L02','HS135','GV005'),


(9,9,4,5,5,5,5.0,'Trung Binh','H02','HS046','GV006'),
(6,4,10,5,5,4,5.0,'Trung Binh','H02','HS047','GV006'),
(10,6,10,8,10,5,7.0,'Kha','H02','HS048','GV006'),
(6,6,10,8,5,7,7.0,'Kha','H02','HS049','GV006'),
(10,6,5,9,10,5,7.0,'Kha','H02','HS050','GV006'),
(9,9,4,10,9,7,7.0,'Kha','H02','HS051','GV006'),
(10,6,7,4,5,7,6.0,'Trung Binh','H02','HS052','GV006'),
(5,10,7,4,7,10,7.0,'Kha','H02','HS053','GV006'),
(8,8,10,7,7,10,8.0,'Gioi','H02','HS054','GV006'),
(4,10,5,4,7,7,6.0,'Trung Binh','H02','HS055','GV006'),
(8,7,6,5,10,6,6.0,'Trung Binh','H02','HS056','GV006'),
(7,9,4,6,5,10,6.0,'Trung Binh','H02','HS057','GV006'),
(4,6,7,7,5,8,6.0,'Trung Binh','H02','HS058','GV006'),
(7,8,8,5,4,7,6.0,'Trung Binh','H02','HS059','GV006'),
(9,6,6,6,9,9,7.0,'Kha','H02','HS060','GV006'),
(8,4,6,5,7,6,6.0,'Trung Binh','H02','HS061','GV006'),
(5,5,9,8,7,7,7.0,'Kha','H02','HS062','GV006'),
(5,7,7,8,8,4,6.0,'Trung Binh','H02','HS063','GV006'),
(6,5,6,5,8,5,5.0,'Trung Binh','H02','HS064','GV006'),
(9,4,10,4,5,5,6.0,'Trung Binh','H02','HS065','GV006'),
(8,9,6,5,4,7,6.0,'Trung Binh','H02','HS066','GV006'),
(6,10,6,8,6,10,7.0,'Kha','H02','HS067','GV006'),
(9,4,4,10,9,8,7.0,'Kha','H02','HS068','GV006'),
(6,9,9,5,10,10,8.0,'Gioi','H02','HS069','GV006'),
(6,7,10,6,7,4,6.0,'Trung Binh','H02','HS070','GV006'),
(8,8,6,6,6,5,6.0,'Trung Binh','H02','HS071','GV006'),
(5,9,8,5,6,9,7.0,'Kha','H02','HS072','GV006'),
(4,5,5,8,9,4,5.0,'Trung Binh','H02','HS073','GV006'),
(10,4,7,9,5,6,6.0,'Trung Binh','H02','HS074','GV006'),
(6,6,6,4,10,10,7.0,'Kha','H02','HS075','GV006'),
(8,4,10,7,8,6,7.0,'Kha','H02','HS076','GV006'),
(5,6,4,4,8,5,5.0,'Trung Binh','H02','HS077','GV006'),
(8,4,6,8,5,5,5.0,'Trung Binh','H02','HS078','GV006'),
(6,6,8,7,5,6,6.0,'Trung Binh','H02','HS079','GV006'),
(10,6,8,5,8,4,6.0,'Trung Binh','H02','HS080','GV006'),
(4,9,6,9,8,4,6.0,'Trung Binh','H02','HS081','GV006'),
(9,10,7,5,8,7,7.0,'Kha','H02','HS082','GV006'),
(8,6,10,8,9,7,8.0,'Gioi','H02','HS083','GV006'),
(9,6,9,5,8,7,7.0,'Kha','H02','HS084','GV006'),
(8,8,9,8,6,7,7.0,'Kha','H02','HS085','GV006'),
(6,4,10,10,6,6,7.0,'Kha','H02','HS086','GV006'),
(10,4,4,5,10,8,6.0,'Trung Binh','H02','HS087','GV006'),
(10,5,4,5,9,10,7.0,'Kha','H02','HS088','GV006'),
(5,4,10,10,9,6,7.0,'Kha','H02','HS089','GV006'),
(9,10,8,5,6,10,7.0,'Kha','H02','HS090','GV006'),


(9,4,4,8,6,10,7.0,'Kha','H02','HS091','GV006'),
(5,8,7,8,5,7,6.0,'Trung Binh','H02','HS092','GV006'),
(5,5,10,7,8,7,7.0,'Kha','H02','HS093','GV006'),
(5,8,9,4,8,8,7.0,'Kha','H02','HS094','GV006'),
(9,4,6,5,9,10,7.0,'Kha','H02','HS095','GV006'),
(10,6,6,4,8,9,7.0,'Kha','H02','HS096','GV006'),
(6,6,5,6,6,4,5.0,'Trung Binh','H02','HS097','GV006'),
(9,8,4,9,5,6,6.0,'Trung Binh','H02','HS098','GV006'),
(5,5,9,10,8,4,6.0,'Trung Binh','H02','HS099','GV006'),
(10,5,8,5,5,6,6.0,'Trung Binh','H02','HS100','GV006'),
(8,6,10,9,4,5,6.0,'Trung Binh','H02','HS101','GV006'),
(10,7,6,9,6,5,6.0,'Trung Binh','H02','HS102','GV006'),
(6,10,6,10,4,6,6.0,'Trung Binh','H02','HS103','GV006'),
(9,4,4,9,5,4,5.0,'Trung Binh','H02','HS104','GV006'),
(10,10,5,6,7,10,7.0,'Kha','H02','HS105','GV006'),
(6,5,10,9,10,4,7.0,'Kha','H02','HS106','GV006'),
(6,7,10,9,6,8,7.0,'Kha','H02','HS107','GV006'),
(6,9,4,7,9,7,6.0,'Trung Binh','H02','HS108','GV006'),
(4,4,8,6,4,5,5.0,'Trung Binh','H02','HS109','GV006'),
(9,4,9,7,5,5,6.0,'Trung Binh','H02','HS110','GV006'),
(5,9,5,4,4,9,6.0,'Trung Binh','H02','HS111','GV006'),
(5,4,9,6,5,6,6.0,'Trung Binh','H02','HS112','GV006'),
(6,6,8,7,9,6,7.0,'Kha','H02','HS113','GV006'),
(8,8,6,8,9,10,8.0,'Gioi','H02','HS114','GV006'),
(6,6,9,4,6,4,5.0,'Trung Binh','H02','HS115','GV006'),
(4,10,6,6,4,4,5.0,'Trung Binh','H02','HS116','GV006'),
(10,5,8,7,5,8,7.0,'Kha','H02','HS117','GV006'),
(4,4,6,5,9,7,6.0,'Trung Binh','H02','HS118','GV006'),
(5,6,6,6,8,9,7.0,'Kha','H02','HS119','GV006'),
(6,7,7,10,9,7,7.0,'Kha','H02','HS120','GV006'),
(9,8,4,5,6,7,6.0,'Trung Binh','H02','HS121','GV006'),
(8,6,9,9,8,5,7.0,'Kha','H02','HS122','GV006'),
(8,6,5,9,6,10,7.0,'Kha','H02','HS123','GV006'),
(7,5,5,8,8,8,7.0,'Kha','H02','HS124','GV006'),
(5,6,5,7,10,8,7.0,'Kha','H02','HS125','GV006'),
(8,10,10,7,7,9,8.0,'Gioi','H02','HS126','GV006'),
(10,8,5,5,4,6,5.0,'Trung Binh','H02','HS127','GV006'),
(8,6,4,6,8,7,6.0,'Trung Binh','H02','HS128','GV006'),
(7,8,8,9,8,4,7.0,'Kha','H02','HS129','GV006'),
(7,8,8,5,10,8,7.0,'Kha','H02','HS130','GV006'),
(4,7,4,5,9,5,5.0,'Trung Binh','H02','HS131','GV006'),
(4,6,7,4,8,8,6.0,'Trung Binh','H02','HS132','GV006'),
(5,9,9,6,10,9,8.0,'Gioi','H02','HS133','GV006'),
(6,4,9,9,7,9,7.0,'Kha','H02','HS134','GV006'),
(6,5,8,4,7,10,7.0,'Kha','H02','HS135','GV006'),

(7,10,8,5,5,10,7.0,'Kha','T03','HS091','GV007'),
(6,7,5,10,7,4,6.0,'Trung Binh','T03','HS092','GV007'),
(9,8,9,6,10,9,8.0,'Gioi','T03','HS093','GV007'),
(4,6,6,8,10,6,6.0,'Trung Binh','T03','HS094','GV007'),
(5,4,5,10,8,7,6.0,'Trung Binh','T03','HS095','GV007'),
(9,5,6,6,10,9,7.0,'Kha','T03','HS096','GV007'),
(9,6,7,8,5,4,6.0,'Trung Binh','T03','HS097','GV007'),
(6,7,4,8,4,5,5.0,'Trung Binh','T03','HS098','GV007'),
(7,9,9,8,8,5,7.0,'Kha','T03','HS099','GV007'),
(5,4,4,4,8,10,6.0,'Trung Binh','T03','HS100','GV007'),
(4,7,5,4,8,9,6.0,'Trung Binh','T03','HS101','GV007'),
(7,5,8,7,4,4,5.0,'Trung Binh','T03','HS102','GV007'),
(5,8,9,6,5,5,6.0,'Trung Binh','T03','HS103','GV007'),
(4,6,5,6,9,8,6.0,'Trung Binh','T03','HS104','GV007'),
(6,5,6,4,4,6,5.0,'Trung Binh','T03','HS105','GV007'),
(6,10,5,7,5,8,6.0,'Trung Binh','T03','HS106','GV007'),
(6,8,9,8,6,5,6.0,'Trung Binh','T03','HS107','GV007'),
(7,10,10,8,8,8,8.0,'Gioi','T03','HS108','GV007'),
(4,7,6,4,4,8,5.0,'Trung Binh','T03','HS109','GV007'),
(6,6,7,9,6,10,7.0,'Kha','T03','HS110','GV007'),
(8,7,6,9,4,5,6.0,'Trung Binh','T03','HS111','GV007'),
(6,5,6,8,10,8,7.0,'Kha','T03','HS112','GV007'),
(7,5,4,10,7,8,7.0,'Kha','T03','HS113','GV007'),
(4,5,4,5,4,10,5.0,'Trung Binh','T03','HS114','GV007'),
(6,5,5,9,8,7,6.0,'Trung Binh','T03','HS115','GV007'),
(4,10,6,7,4,7,6.0,'Trung Binh','T03','HS116','GV007'),
(6,9,10,4,7,8,7.0,'Kha','T03','HS117','GV007'),
(4,9,4,5,7,7,6.0,'Trung Binh','T03','HS118','GV007'),
(7,4,5,4,8,9,6.0,'Trung Binh','T03','HS119','GV007'),
(10,10,9,9,10,5,8.0,'Gioi','T03','HS120','GV007'),
(6,4,4,9,7,9,7.0,'Kha','T03','HS121','GV007'),
(4,8,8,4,5,9,6.0,'Trung Binh','T03','HS122','GV007'),
(10,9,9,7,6,5,7.0,'Kha','T03','HS123','GV007'),
(8,4,8,10,8,6,7.0,'Kha','T03','HS124','GV007'),
(7,9,6,8,9,5,7.0,'Kha','T03','HS125','GV007'),
(7,10,7,8,7,5,6.0,'Trung Binh','T03','HS126','GV007'),
(4,9,5,6,5,6,5.0,'Trung Binh','T03','HS127','GV007'),
(4,8,8,9,6,6,6.0,'Trung Binh','T03','HS128','GV007'),
(4,5,5,10,6,9,7.0,'Kha','T03','HS129','GV007'),
(8,6,7,4,9,7,6.0,'Trung Binh','T03','HS130','GV007'),
(9,5,9,5,9,6,7.0,'Kha','T03','HS131','GV007'),
(8,6,9,10,7,5,7.0,'Kha','T03','HS132','GV007'),
(9,5,4,6,8,5,5.0,'Trung Binh','T03','HS133','GV007'),
(8,10,5,8,5,4,6.0,'Trung Binh','T03','HS134','GV007'),
(8,8,7,7,4,5,6.0,'Trung Binh','T03','HS135','GV007'),

(9,8,5,6,7,5,6.0,'Trung Binh','L03','HS091','GV008'),
(9,7,4,10,4,8,6.0,'Trung Binh','L03','HS092','GV008'),
(6,9,4,7,9,6,6.0,'Trung Binh','L03','HS093','GV008'),
(9,8,10,5,9,7,7.0,'Kha','L03','HS094','GV008'),
(4,6,4,5,9,7,6.0,'Trung Binh','L03','HS095','GV008'),
(6,9,10,10,8,9,8.0,'Gioi','L03','HS096','GV008'),
(10,5,9,4,5,9,7.0,'Kha','L03','HS097','GV008'),
(8,6,7,10,10,8,8.0,'Gioi','L03','HS098','GV008'),
(6,8,7,5,5,5,5.0,'Trung Binh','L03','HS099','GV008'),
(6,10,7,8,8,4,6.0,'Trung Binh','L03','HS100','GV008'),
(5,8,10,8,7,4,6.0,'Trung Binh','L03','HS101','GV008'),
(6,9,10,6,7,7,7.0,'Kha','L03','HS102','GV008'),
(5,7,9,7,9,4,6.0,'Trung Binh','L03','HS103','GV008'),
(10,10,10,6,9,10,9.0,'Gioi','L03','HS104','GV008'),
(4,8,10,6,8,6,7.0,'Kha','L03','HS105','GV008'),
(5,8,8,4,7,9,7.0,'Kha','L03','HS106','GV008'),
(6,4,7,7,7,7,6.0,'Trung Binh','L03','HS107','GV008'),
(4,8,10,8,9,7,7.0,'Kha','L03','HS108','GV008'),
(4,7,8,5,10,6,6.0,'Trung Binh','L03','HS109','GV008'),
(8,8,4,8,10,5,6.0,'Trung Binh','L03','HS110','GV008'),
(5,6,10,9,9,10,8.0,'Gioi','L03','HS111','GV008'),
(10,5,5,8,5,9,7.0,'Kha','L03','HS112','GV008'),
(4,7,10,4,8,7,6.0,'Trung Binh','L03','HS113','GV008'),
(5,10,7,8,4,8,7.0,'Kha','L03','HS114','GV008'),
(8,6,10,8,9,5,7.0,'Kha','L03','HS115','GV008'),
(9,4,7,10,10,7,8.0,'Gioi','L03','HS116','GV008'),
(8,5,8,7,7,10,7.0,'Kha','L03','HS117','GV008'),
(9,6,8,9,8,7,7.0,'Kha','L03','HS118','GV008'),
(8,6,10,5,7,6,6.0,'Trung Binh','L03','HS119','GV008'),
(9,8,6,10,4,10,7.0,'Kha','L03','HS120','GV008'),
(5,10,6,5,4,8,6.0,'Trung Binh','L03','HS121','GV008'),
(10,4,4,8,5,7,6.0,'Trung Binh','L03','HS122','GV008'),
(10,8,5,4,8,10,7.0,'Kha','L03','HS123','GV008'),
(5,4,10,5,9,7,7.0,'Kha','L03','HS124','GV008'),
(4,5,5,7,9,5,6.0,'Trung Binh','L03','HS125','GV008'),
(8,8,4,4,8,4,5.0,'Trung Binh','L03','HS126','GV008'),
(10,4,5,9,9,4,6.0,'Trung Binh','L03','HS127','GV008'),
(5,9,4,6,9,5,6.0,'Trung Binh','L03','HS128','GV008'),
(9,8,7,6,7,8,7.0,'Kha','L03','HS129','GV008'),
(8,8,10,10,8,8,8.0,'Gioi','L03','HS130','GV008'),
(4,9,4,6,8,4,5.0,'Trung Binh','L03','HS131','GV008'),
(9,5,7,8,6,7,7.0,'Kha','L03','HS132','GV008'),
(8,5,5,7,9,4,6.0,'Trung Binh','L03','HS133','GV008'),
(8,5,9,10,7,6,7.0,'Kha','L03','HS134','GV008'),
(7,6,9,8,6,5,6.0,'Trung Binh','L03','HS135','GV008'),

(8,9,10,8,7,4,7.0,'Kha','H03','HS091','GV009'),
(10,5,9,6,4,9,7.0,'Kha','H03','HS092','GV009'),
(4,6,8,6,7,10,7.0,'Kha','H03','HS093','GV009'),
(7,6,9,6,9,9,8.0,'Gioi','H03','HS094','GV009'),
(8,8,8,8,9,10,8.0,'Gioi','H03','HS095','GV009'),
(6,9,5,10,7,6,7.0,'Kha','H03','HS096','GV009'),
(6,4,5,7,10,10,7.0,'Kha','H03','HS097','GV009'),
(10,10,8,8,10,6,8.0,'Gioi','H03','HS098','GV009'),
(10,9,7,5,10,5,7.0,'Kha','H03','HS099','GV009'),
(10,6,5,7,5,6,6.0,'Trung Binh','H03','HS100','GV009'),
(9,6,9,10,4,7,7.0,'Kha','H03','HS101','GV009'),
(6,6,5,6,4,9,6.0,'Trung Binh','H03','HS102','GV009'),
(5,5,8,10,7,10,8.0,'Gioi','H03','HS103','GV009'),
(9,10,6,9,6,5,6.0,'Trung Binh','H03','HS104','GV009'),
(8,10,7,9,6,9,8.0,'Gioi','H03','HS105','GV009'),
(8,9,7,5,6,7,6.0,'Trung Binh','H03','HS106','GV009'),
(6,4,10,5,10,10,8.0,'Gioi','H03','HS107','GV009'),
(7,5,10,10,10,8,8.0,'Gioi','H03','HS108','GV009'),
(4,7,10,9,9,4,7.0,'Kha','H03','HS109','GV009'),
(8,7,10,5,5,10,7.0,'Kha','H03','HS110','GV009'),
(6,6,7,5,4,6,5.0,'Trung Binh','H03','HS111','GV009'),
(10,8,9,4,9,6,7.0,'Kha','H03','HS112','GV009'),
(4,8,10,6,4,9,7.0,'Kha','H03','HS113','GV009'),
(4,5,6,8,8,5,6.0,'Trung Binh','H03','HS114','GV009'),
(7,7,7,7,7,9,7.0,'Kha','H03','HS115','GV009'),
(9,8,9,5,8,10,8.0,'Gioi','H03','HS116','GV009'),
(4,4,7,7,5,9,6.0,'Trung Binh','H03','HS117','GV009'),
(9,7,9,6,4,10,7.0,'Kha','H03','HS118','GV009'),
(10,7,5,9,10,8,8.0,'Gioi','H03','HS119','GV009'),
(6,5,5,4,6,4,4.0,'Trung Binh','H03','HS120','GV009'),
(4,8,9,6,7,7,7.0,'Kha','H03','HS121','GV009'),
(10,4,10,9,10,10,9.0,'Gioi','H03','HS122','GV009'),
(9,6,7,7,6,8,7.0,'Kha','H03','HS123','GV009'),
(7,4,5,9,4,9,6.0,'Trung Binh','H03','HS124','GV009'),
(8,8,10,9,4,8,7.0,'Kha','H03','HS125','GV009'),
(5,9,9,9,6,9,8.0,'Gioi','H03','HS126','GV009'),
(5,6,10,5,4,10,7.0,'Kha','H03','HS127','GV009'),
(5,6,10,9,9,5,7.0,'Kha','H03','HS128','GV009'),
(4,10,9,8,9,7,7.0,'Kha','H03','HS129','GV009'),
(6,6,7,4,10,6,6.0,'Trung Binh','H03','HS130','GV009'),
(6,6,6,9,9,10,8.0,'Gioi','H03','HS131','GV009'),
(4,6,5,5,8,7,6.0,'Trung Binh','H03','HS132','GV009'),
(5,4,8,5,7,7,6.0,'Trung Binh','H03','HS133','GV009'),
(8,8,5,9,5,8,7.0,'Kha','H03','HS134','GV009'),
(9,6,10,5,7,6,7.0,'Kha','H03','HS135','GV009')

